Date,Time,Post,URL
8/21/23,17:49:58,Most accurate WarnMe,https://reddit.com/r/berkeley/comments/15xepjk/most_accurate_warnme/
9/23/23,8:01:14,Robbery WarnMe,https://reddit.com/r/berkeley/comments/16pyjue/robbery_warnme/
1/31/23,23:07:36,"Wow, just got the craziest WarnMe",https://reddit.com/r/berkeley/comments/10qdi42/wow_just_got_the_craziest_warnme/
10/31/23,4:31:03,WarnMe (Additional Information),https://reddit.com/r/berkeley/comments/17kcyw7/warnme_additional_information/
9/29/23,22:45:45,Robbery WarnMe,https://reddit.com/r/berkeley/comments/16vpxvw/robbery_warnme/
3/8/23,23:29:15,Why is race absent in WarnMe descriptions?,https://reddit.com/r/berkeley/comments/11mbw88/why_is_race_absent_in_warnme_descriptions/
10/19/23,2:53:50,Does Our WarnMe System Work?,https://reddit.com/r/berkeley/comments/17b8v5a/does_our_warnme_system_work/
4/24/23,0:09:22,WarnMe - AVOID MAIN STACKS/DOE,https://reddit.com/r/berkeley/comments/12wvqqf/warnme_avoid_main_stacksdoe/
10/8/22,8:44:26,WarnMe,https://reddit.com/r/berkeley/comments/xynnyb/warnme/
10/25/23,21:35:49,Was UCB WarnMe Attacker pro Israel or pro Palestine,https://reddit.com/r/berkeley/comments/17gftn2/was_ucb_warnme_attacker_pro_israel_or_pro/
9/6/22,21:16:57,WarnMe warns about heat wave,https://reddit.com/r/berkeley/comments/x7m47x/warnme_warns_about_heat_wave/
10/16/23,5:33:33,Great story & editing CalTV! WarnMe flaws,https://reddit.com/r/berkeley/comments/178yrlw/great_story_editing_caltv_warnme_flaws/
4/11/23,14:43:30,the warnmes are scary,https://reddit.com/r/berkeley/comments/12im0yj/the_warnmes_are_scary/
12/11/21,23:51:40,Update on vague WarnMe,https://reddit.com/r/berkeley/comments/rec0wm/update_on_vague_warnme/
4/9/23,19:48:48,UCB WarnMe - Violent Crime Reported at 2200 block of Hearst Ave,https://reddit.com/r/berkeley/comments/12gtli6/ucb_warnme_violent_crime_reported_at_2200_block/
11/4/21,3:59:59,How to unsubscribe from UCB WarnMe messages,https://reddit.com/r/berkeley/comments/qmcbbi/how_to_unsubscribe_from_ucb_warnme_messages/
4/7/21,0:03:33,Anybody else get the UCB WarnMe cyber-security email?,https://reddit.com/r/berkeley/comments/mlpi4s/anybody_else_get_the_ucb_warnme_cybersecurity/
3/29/21,10:31:36,Accidentally unsubscribed from UCB WarnMe,https://reddit.com/r/berkeley/comments/mfmk75/accidentally_unsubscribed_from_ucb_warnme/
8/3/22,15:58:18,This may be the most disappointing warnme I‚Äôve gotten so far,https://reddit.com/r/berkeley/comments/wfa9s9/this_may_be_the_most_disappointing_warnme_ive/
9/11/23,5:05:05,berkeley warnme suspect photo,https://reddit.com/r/berkeley/comments/16fmiqa/berkeley_warnme_suspect_photo/
4/24/23,0:35:06,Guys I did it!!!üòÑ,https://reddit.com/r/berkeley/comments/12wwi9f/guys_i_did_it/
11/21/23,21:02:10,This city is getting so dangerous i can‚Äôt believe we haven‚Äôt gotten the warnme yet,https://reddit.com/r/berkeley/comments/180rdd8/this_city_is_getting_so_dangerous_i_cant_believe/
9/11/23,5:36:31,Saw the warnme. Where can I safely hide this?,https://reddit.com/r/berkeley/comments/16fn30z/saw_the_warnme_where_can_i_safely_hide_this/
9/11/23,5:10:38,The actual photo of the Berkeley warnme suspect,https://reddit.com/r/berkeley/comments/16fmmjb/the_actual_photo_of_the_berkeley_warnme_suspect/
11/8/22,2:08:46,please walk your girl friends home,https://reddit.com/r/berkeley/comments/yp86hn/please_walk_your_girl_friends_home/
4/10/23,20:03:51,Sexual Battery Suspect (WarnMe),https://reddit.com/r/berkeley/comments/12hucsa/sexual_battery_suspect_warnme/
9/27/23,22:44:57,Robbed at gunpoint tonight 9/26/23 at 11pm walking back from the gym.,https://reddit.com/r/berkeley/comments/16tyor9/robbed_at_gunpoint_tonight_92623_at_11pm_walking/
7/8/22,16:32:56,How safe is Berkeley - extremely concerned freshman,https://reddit.com/r/berkeley/comments/vuestv/how_safe_is_berkeley_extremely_concerned_freshman/
5/28/23,5:16:00,Another robbery/carjacking at gunpoint,https://reddit.com/r/berkeley/comments/13ts593/another_robberycarjacking_at_gunpoint/
9/11/22,9:39:48,About the recent WarnMe‚Ä¶.,https://reddit.com/r/berkeley/comments/xbeax0/about_the_recent_warnme/
6/12/21,15:47:02,"UCB Warn Me, Season 1",https://reddit.com/r/berkeley/comments/ny9ok3/ucb_warn_me_season_1/
10/20/22,1:52:33,Check out the WarnMes from schools in DC...,https://reddit.com/r/berkeley/comments/y8kzxt/check_out_the_warnmes_from_schools_in_dc/
9/17/23,20:12:54,WarnMe‚Äôs making me rethink my Berkeley acceptance,https://reddit.com/r/berkeley/comments/16latjk/warnmes_making_me_rethink_my_berkeley_acceptance/
10/19/22,22:26:51,Sexual assault at People's Park Construction Site,https://reddit.com/r/berkeley/comments/y8gdw4/sexual_assault_at_peoples_park_construction_site/
11/22/22,19:57:33,"""Cops Off Campus"" union banner in Dwinelle. Could someone explain this?",https://reddit.com/r/berkeley/comments/z238ac/cops_off_campus_union_banner_in_dwinelle_could/
9/23/23,23:40:50,Heads Up: Robbery @ Parker & Warring,https://reddit.com/r/berkeley/comments/16qis94/heads_up_robbery_parker_warring/
2/28/23,6:08:50,Almost made it on Berkeley WarnMe?,https://reddit.com/r/berkeley/comments/11dynr2/almost_made_it_on_berkeley_warnme/
8/10/22,23:19:34,Weirdest warn me yet- why would someone replace the necklace they stole?,https://reddit.com/r/berkeley/comments/wlbyhs/weirdest_warn_me_yet_why_would_someone_replace/
10/19/23,2:37:49,Life of a UC Berkeley Warn Me,https://reddit.com/r/berkeley/comments/17b8jqn/life_of_a_uc_berkeley_warn_me/
3/1/23,21:11:40,Starting March off with a bang (mostly assault),https://reddit.com/r/berkeley/comments/11fi87k/starting_march_off_with_a_bang_mostly_assault/
12/24/22,8:49:12,what the hell,https://reddit.com/r/berkeley/comments/zu5tw1/what_the_hell/
3/8/23,15:26:37,Warn Me - people getting bold,https://reddit.com/r/berkeley/comments/11lz6du/warn_me_people_getting_bold/
4/11/23,23:46:28,Arrest Made (Sexual Battery Cases),https://reddit.com/r/berkeley/comments/12j2e3i/arrest_made_sexual_battery_cases/
1/5/23,17:58:15,Break-ins and burglary at co-ops and other group homes,https://reddit.com/r/berkeley/comments/1045e8y/breakins_and_burglary_at_coops_and_other_group/
1/19/22,10:15:11,I love Berkeley WarnMe's!,https://reddit.com/r/berkeley/comments/s7mzxk/i_love_berkeley_warnmes/
4/29/22,10:31:23,wtf did anyone see the warnme? they fr breaking into peoples places at 2am wtf no ones safeü•≤,https://reddit.com/r/berkeley/comments/ueixby/wtf_did_anyone_see_the_warnme_they_fr_breaking/
10/31/23,0:37:31,what,https://reddit.com/r/berkeley/comments/17k8gc0/what/
3/1/23,21:05:21,Warn Me is going off today,https://reddit.com/r/berkeley/comments/11fi1rp/warn_me_is_going_off_today/
8/21/22,18:24:26,they really just be referring to People‚Äôs Park as the Construction Site now,https://reddit.com/r/berkeley/comments/wu6ghl/they_really_just_be_referring_to_peoples_park_as/
4/3/22,8:38:45,Berkeley WarnMe: People here sure know how to f**king drive,https://reddit.com/r/berkeley/comments/tv4qeh/berkeley_warnme_people_here_sure_know_how_to/
1/25/23,2:54:18,WTF be safe yall,https://reddit.com/r/berkeley/comments/10ko5x7/wtf_be_safe_yall/
10/14/23,3:07:09,what's going on on campus?,https://reddit.com/r/berkeley/comments/177g001/whats_going_on_on_campus/
11/6/23,22:46:34,Potential hazmat situation,https://reddit.com/r/berkeley/comments/17pfi4n/potential_hazmat_situation/
6/21/23,11:35:12,This is upsetting...,https://reddit.com/r/berkeley/comments/14f58wv/this_is_upsetting/
7/20/23,19:02:53,i don‚Äôt see what‚Äôs so outstanding about this twerp,https://reddit.com/r/berkeley/comments/154zyvg/i_dont_see_whats_so_outstanding_about_this_twerp/
4/21/22,16:34:16,What is this about? ‚ÄúUC Berkeley WarnMe: SHELTER IN PLACE‚Äù,https://reddit.com/r/berkeley/comments/u8ro20/what_is_this_about_uc_berkeley_warnme_shelter_in/
8/6/22,13:52:48,Tired! Just tired of this. Imagine replacing these People‚Äôs Park WARN ME alerts with student success stories.,https://reddit.com/r/berkeley/comments/whouas/tired_just_tired_of_this_imagine_replacing_these/
1/25/23,2:42:27,so real. fill in the blank LOL.,https://reddit.com/r/berkeley/comments/10knxen/so_real_fill_in_the_blank_lol/
2/19/22,3:51:49,"Oh WarnMe, you're sending me mixed messages... just tell me how you really feel!",https://reddit.com/r/berkeley/comments/sw0qvn/oh_warnme_youre_sending_me_mixed_messages_just/
1/25/23,2:45:00,Ominous. I don't like it.,https://reddit.com/r/berkeley/comments/10knz8l/ominous_i_dont_like_it/
10/31/23,0:49:09,üò≠üò≠,https://reddit.com/r/berkeley/comments/17k8p23/_/
11/8/23,18:59:42,Banana Bulgary Detected!,https://reddit.com/r/berkeley/comments/17qss17/banana_bulgary_detected/
9/11/23,7:13:47,of all the people on the street it must‚Äôve sucked being the one he picked!,https://reddit.com/r/berkeley/comments/16foox4/of_all_the_people_on_the_street_it_mustve_sucked/
9/16/22,2:31:15,Sexual Assault in Unit 2.,https://reddit.com/r/berkeley/comments/xff4rs/sexual_assault_in_unit_2/
10/8/22,0:22:23,Robbery in front of Blackwell Hall,https://reddit.com/r/berkeley/comments/xyelfd/robbery_in_front_of_blackwell_hall/
9/11/23,7:26:46,Stay Safe!,https://reddit.com/r/berkeley/comments/16fow8d/stay_safe/
1/4/23,20:05:22,Sexual assault at People's Park Housing Construction Site,https://reddit.com/r/berkeley/comments/103dgnh/sexual_assault_at_peoples_park_housing/
9/1/23,19:30:37,I hate being a black student here,https://reddit.com/r/berkeley/comments/167gmkt/i_hate_being_a_black_student_here/
11/18/22,6:23:23,What in the ‚Ä¶.,https://reddit.com/r/berkeley/comments/yyd1qg/what_in_the/
10/31/23,0:46:03,"berkeley is in shambles, i am indescribably upset by this information",https://reddit.com/r/berkeley/comments/17k8mr5/berkeley_is_in_shambles_i_am_indescribably_upset/
3/2/23,1:19:34,oxford street bomb,https://reddit.com/r/berkeley/comments/11foiov/oxford_street_bomb/
12/6/23,17:40:25,Disturbing!,https://reddit.com/r/berkeley/comments/18c9f14/disturbing/
10/15/22,15:17:13,Chemical agent spray attack,https://reddit.com/r/berkeley/comments/y4qjbl/chemical_agent_spray_attack/
10/8/22,8:44:19,"Stay safe everyone, avoid Telegraph/Durant for now",https://reddit.com/r/berkeley/comments/xynnwi/stay_safe_everyone_avoid_telegraphdurant_for_now/
12/7/22,5:45:26,Attempted Robbery,https://reddit.com/r/berkeley/comments/zetd2c/attempted_robbery/
10/12/22,1:07:23,Yet another Robbery. Stay safe,https://reddit.com/r/berkeley/comments/y1pxq6/yet_another_robbery_stay_safe/
3/3/23,3:18:30,"Though my time at Cal is no longer, I get texts and emails every other day to remind me of the time I was lucky enough to spend in the warm and inviting safe haven that is the city of Berkeley, CA",https://reddit.com/r/berkeley/comments/11gpqjx/though_my_time_at_cal_is_no_longer_i_get_texts/
10/13/22,3:08:01,a bird shitted on my laptop keyboard today while sitting in lower sproul,https://reddit.com/r/berkeley/comments/y2nqk5/a_bird_shitted_on_my_laptop_keyboard_today_while/
1/19/23,2:13:21,"UC Berkeley WarnMe: Fire at Beverly Cleary, 2424 Channing Way - AVOID THE AREA 01-18-202317:11:29",https://reddit.com/r/berkeley/comments/10fpmjz/uc_berkeley_warnme_fire_at_beverly_cleary_2424/
1/29/23,8:52:12,‚Äúmuscular builds and a bad odor‚Äù,https://reddit.com/r/berkeley/comments/10o38uj/muscular_builds_and_a_bad_odor/
4/5/23,18:26:37,Alarm at Noon is Just a Test! Don't Panic!,https://reddit.com/r/berkeley/comments/12ctcgk/alarm_at_noon_is_just_a_test_dont_panic/
9/7/23,21:02:46,live love laugh kia soul,https://reddit.com/r/berkeley/comments/16cqdu3/live_love_laugh_kia_soul/
5/27/23,6:22:18,robbed at gunpoint,https://reddit.com/r/berkeley/comments/13szwlv/robbed_at_gunpoint/
2/27/23,16:01:27,Who tf‚Ä¶,https://reddit.com/r/berkeley/comments/11dfbva/who_tf/
9/11/23,5:03:46,Fortnite??,https://reddit.com/r/berkeley/comments/16fmhtw/fortnite/
12/5/23,22:10:51,look out for each other,https://reddit.com/r/berkeley/comments/18bnx2o/look_out_for_each_other/
11/28/23,3:50:27,"To the squirrel who smiled at me in Moffitt (warning, squirrelpasta, read at your own risk)",https://reddit.com/r/berkeley/comments/185mui8/to_the_squirrel_who_smiled_at_me_in_moffitt/
1/16/23,16:32:52,Mud Slides in Berkeley‚Ä¶,https://reddit.com/r/berkeley/comments/10dj0td/mud_slides_in_berkeley/
10/31/23,0:58:18,REALLY!!!!!,https://reddit.com/r/berkeley/comments/17k8w0m/really/
10/31/22,0:24:13,Victim was punched and then kicked while on the ground üòï. Stay safe everyone.,https://reddit.com/r/berkeley/comments/yhvbyi/victim_was_punched_and_then_kicked_while_on_the/
10/29/23,20:14:06,‚ÄúYour jump rope game is mid bro! Show me what you got!‚Äù,https://reddit.com/r/berkeley/comments/17jbigm/your_jump_rope_game_is_mid_bro_show_me_what_you/
10/31/23,0:38:53,Assemble the avengers,https://reddit.com/r/berkeley/comments/17k8hbh/assemble_the_avengers/
9/21/23,15:35:45,Work hard play hard,https://reddit.com/r/berkeley/comments/16oj1mc/work_hard_play_hard/
12/13/22,23:15:07,wtf,https://reddit.com/r/berkeley/comments/zlaaq2/wtf/
10/8/22,17:39:33,UCPD Update,https://reddit.com/r/berkeley/comments/xyypcx/ucpd_update/
9/13/22,8:28:30,What are we supposed to do about safety..?,https://reddit.com/r/berkeley/comments/xd1ytl/what_are_we_supposed_to_do_about_safety/
11/12/22,20:38:28,LOCK YOUR DOORS,https://reddit.com/r/berkeley/comments/ythpin/lock_your_doors/
11/24/22,5:19:18,Holy Shit,https://reddit.com/r/berkeley/comments/z3b6rk/holy_shit/
2/28/23,6:56:05,This is not cool bruh‚Ä¶,https://reddit.com/r/berkeley/comments/11dzgdq/this_is_not_cool_bruh/
12/13/22,0:49:14,unknown number of suspects forcibly entered the buildingüò≥,https://reddit.com/r/berkeley/comments/zkhdnq/unknown_number_of_suspects_forcibly_entered_the/
6/27/23,23:20:39,Berkeley isn‚Äôt Berkeley without ___,https://reddit.com/r/berkeley/comments/14ksypy/berkeley_isnt_berkeley_without/
2/28/23,6:01:06,Martinez,https://reddit.com/r/berkeley/comments/11dyiqg/martinez/
9/30/22,7:16:43,Oh My God,https://reddit.com/r/berkeley/comments/xruykk/oh_my_god/
3/8/23,2:30:29,GTA in Real Life???,https://reddit.com/r/berkeley/comments/11ljl69/gta_in_real_life/
9/5/22,3:28:00,"Google Photos randomly recommended this to me as a ""memory from a long time ago""... gob ears",https://reddit.com/r/berkeley/comments/x65q19/google_photos_randomly_recommended_this_to_me_as/
8/22/22,7:19:49,What more do the people‚Äôs park protesters even want?,https://reddit.com/r/berkeley/comments/wumtga/what_more_do_the_peoples_park_protesters_even_want/
9/7/23,23:06:17,So 2 separate incidences of armed robbery happened in the middle of the afternoon around campus today.,https://reddit.com/r/berkeley/comments/16ctmxu/so_2_separate_incidences_of_armed_robbery/
10/22/22,0:49:27,WARNING: Unidentified Suspect still at large,https://reddit.com/r/berkeley/comments/ya9qnf/warning_unidentified_suspect_still_at_large/
10/31/23,5:06:05,"What's up with all the crimes happening TODAY? Robberies, assaults, etc.",https://reddit.com/r/berkeley/comments/17kdia4/whats_up_with_all_the_crimes_happening_today/
10/31/23,0:53:20,Stolen Bublys from GBC,https://reddit.com/r/berkeley/comments/17k8sbf/stolen_bublys_from_gbc/
1/25/23,2:55:16,They Fixed It,https://reddit.com/r/berkeley/comments/10ko6ms/they_fixed_it/
6/5/22,15:28:39,What's going on? The sky is wet.,https://reddit.com/r/berkeley/comments/v5fphg/whats_going_on_the_sky_is_wet/
1/20/23,14:07:44,Feeling unsafe and feel like ucpd doesn‚Äôt care,https://reddit.com/r/berkeley/comments/10gxu5e/feeling_unsafe_and_feel_like_ucpd_doesnt_care/
12/1/22,18:51:00,Sexual assault occurred at a UC Berkeley Residence Hall,https://reddit.com/r/berkeley/comments/z9w26h/sexual_assault_occurred_at_a_uc_berkeley/
5/27/23,6:22:31,Someone just got robbed ?,https://reddit.com/r/berkeley/comments/13szwqj/someone_just_got_robbed/
11/21/22,7:26:57,Literally a drive by infront of foothill,https://reddit.com/r/berkeley/comments/z0sn9y/literally_a_drive_by_infront_of_foothill/
8/4/22,19:16:25,ELI5: People‚Äôs Park,https://reddit.com/r/berkeley/comments/wg9nqx/eli5_peoples_park/
3/2/23,1:32:04,This has been an extremely interesting week to say it lightly,https://reddit.com/r/berkeley/comments/11fotsf/this_has_been_an_extremely_interesting_week_to/
5/8/23,9:48:12,"Damn right around finals too, hope the victim is ok üôèüèΩ",https://reddit.com/r/berkeley/comments/13bk3m3/damn_right_around_finals_too_hope_the_victim_is_ok/
3/12/23,21:29:03,I was *almost* attacked yesterday 03/11,https://reddit.com/r/berkeley/comments/11pqfj6/i_was_almost_attacked_yesterday_0311/
4/9/21,6:11:47,"Berkeley's data server was hacked :c My identity was stolen, lost over $13,000 so far. PLS TAKE THIS SERIOUSLY! sign up for identity theft protection ASAP",https://reddit.com/r/berkeley/comments/mnazs2/berkeleys_data_server_was_hacked_c_my_identity/
6/22/23,0:47:30,How the hell do I know if I graduated.,https://reddit.com/r/berkeley/comments/14foqvn/how_the_hell_do_i_know_if_i_graduated/
1/20/23,10:52:46,Citizen: Robbery at Gunpoint in front of campus,https://reddit.com/r/berkeley/comments/10gtz1u/citizen_robbery_at_gunpoint_in_front_of_campus/
8/10/23,23:34:43,"Freshmen: Be Aware of Acts2 Network, formerly called Gracepoint",https://reddit.com/r/berkeley/comments/15ns6y3/freshmen_be_aware_of_acts2_network_formerly/
11/9/21,19:13:01,There should have been police patrol before all this,https://reddit.com/r/berkeley/comments/qqax3l/there_should_have_been_police_patrol_before_all/
3/21/23,22:53:30,These winds are crazy,https://reddit.com/r/berkeley/comments/11xxv5d/these_winds_are_crazy/
6/6/22,21:17:58,"Unit 2, what should I do?",https://reddit.com/r/berkeley/comments/v6dxry/unit_2_what_should_i_do/
8/8/22,2:18:47,What‚Äôs your most memorable experience at Berkeley?,https://reddit.com/r/berkeley/comments/wiww8r/whats_your_most_memorable_experience_at_berkeley/
4/29/23,0:33:38,friends have been ruining berkeley for me,https://reddit.com/r/berkeley/comments/132ek9y/friends_have_been_ruining_berkeley_for_me/
1/19/21,23:42:41,AVOID THE UNDERGRADUATE BUSINESS GROUP,https://reddit.com/r/berkeley/comments/l0whkw/avoid_the_undergraduate_business_group/
5/27/23,8:22:38,‚ö†Ô∏èFound a purse/handbag‚ö†Ô∏è,https://reddit.com/r/berkeley/comments/13t1uix/found_a_pursehandbag/
9/8/22,22:22:49,People's Park or People's Unit?,https://reddit.com/r/berkeley/comments/x9dp2e/peoples_park_or_peoples_unit/
3/15/22,23:35:00,BEWARE - scammer,https://reddit.com/r/berkeley/comments/tf3n06/beware_scammer/
10/8/22,21:36:54,"A rewording of my previous post. Everyone here agrees on the same things relating to what happened yesterday, but I could‚Äôve said it better so here goes",https://reddit.com/r/berkeley/comments/xz4bkf/a_rewording_of_my_previous_post_everyone_here/
1/17/23,4:50:08,Am I crazy for doing this to myself,https://reddit.com/r/berkeley/comments/10e383c/am_i_crazy_for_doing_this_to_myself/
6/24/23,21:01:10,car got broken into - small business supplies & inventory stolen,https://reddit.com/r/berkeley/comments/14i3i69/car_got_broken_into_small_business_supplies/
7/3/23,1:16:28,Will I be rescinded?,https://reddit.com/r/berkeley/comments/14p4xvm/will_i_be_rescinded/
8/22/23,17:46:01,Stay away from Acts 2 Fellowship or A2F,https://reddit.com/r/berkeley/comments/15yd0pl/stay_away_from_acts_2_fellowship_or_a2f/
7/5/22,22:09:34,Warning about *ABE'S PIZZA üçï ü™≥*,https://reddit.com/r/berkeley/comments/vs9oib/warning_about_abes_pizza/
12/6/22,23:53:30,Underage drinking in campus housing?,https://reddit.com/r/berkeley/comments/zembld/underage_drinking_in_campus_housing/
9/1/22,2:51:57,Lost Hoodie near Northside,https://reddit.com/r/berkeley/comments/x2wbsv/lost_hoodie_near_northside/
12/17/22,18:35:49,Myshake Didn't Warn of Berkeley Quake,https://reddit.com/r/berkeley/comments/zocskn/myshake_didnt_warn_of_berkeley_quake/
10/21/22,23:12:37,Would it be a bad idea to take Chem 121 before completing the Chem 120 Series?,https://reddit.com/r/berkeley/comments/ya7o9s/would_it_be_a_bad_idea_to_take_chem_121_before/
6/1/23,20:27:15,Will I be rescinded?,https://reddit.com/r/berkeley/comments/13xsdnt/will_i_be_rescinded/
8/23/22,21:29:13,"Hate crime, assault, arson reported at Park in Berkeley",https://reddit.com/r/berkeley/comments/ww0nmd/hate_crime_assault_arson_reported_at_park_in/
11/6/23,23:58:02,I'll Translate,https://reddit.com/r/berkeley/comments/17ph2hy/ill_translate/
4/18/21,6:38:23,How to not feel bad after grading Exams?,https://reddit.com/r/berkeley/comments/mt7poe/how_to_not_feel_bad_after_grading_exams/
4/22/22,8:07:01,Thank you kind strangers,https://reddit.com/r/berkeley/comments/u99fmd/thank_you_kind_strangers/
9/18/23,7:52:30,SP 2023 Graduates - are you able to claim your berkeley email?,https://reddit.com/r/berkeley/comments/16lp76d/sp_2023_graduates_are_you_able_to_claim_your/
9/20/23,0:24:36,data 8 tutoring (please im desperate and i'll pay),https://reddit.com/r/berkeley/comments/16n6zsj/data_8_tutoring_please_im_desperate_and_ill_pay/
6/17/21,3:03:32,CalNet ID expires?,https://reddit.com/r/berkeley/comments/o1mud0/calnet_id_expires/
5/26/23,4:18:57,61C falsely flagged for cheating.,https://reddit.com/r/berkeley/comments/13s2xhs/61c_falsely_flagged_for_cheating/
9/15/23,5:12:43,"Class of ‚Äò27, how you doin‚Äô ?",https://reddit.com/r/berkeley/comments/16j4dqk/class_of_27_how_you_doin/
4/26/23,14:32:29,Prospective Student Scared by the Rumors,https://reddit.com/r/berkeley/comments/12zjd8j/prospective_student_scared_by_the_rumors/
6/11/22,22:57:08,The post titled ‚Äútrade for dog food‚Äù is a scammer!,https://reddit.com/r/berkeley/comments/va8p3m/the_post_titled_trade_for_dog_food_is_a_scammer/
3/16/21,17:38:32,Question about being below minimum units for L&S,https://reddit.com/r/berkeley/comments/m6en5c/question_about_being_below_minimum_units_for_ls/
4/28/22,19:42:49,grateful,https://reddit.com/r/berkeley/comments/ue3duc/grateful/
7/23/22,5:30:49,controlling parents,https://reddit.com/r/berkeley/comments/w5vys1/controlling_parents/
10/20/22,4:26:37,Demolish Peoples Park and put a Raising Canes over it.,https://reddit.com/r/berkeley/comments/y8o8lf/demolish_peoples_park_and_put_a_raising_canes/
11/8/22,4:12:25,Chances of getting off the class waitlist?,https://reddit.com/r/berkeley/comments/ypas1b/chances_of_getting_off_the_class_waitlist/
12/3/22,3:55:21,Professor Lucas ( stat 134),https://reddit.com/r/berkeley/comments/zb6ycg/professor_lucas_stat_134/
9/24/22,7:34:04,"[vent/need advice] Gamers @ Berkeley, Time Management + Setting Priorities Straight",https://reddit.com/r/berkeley/comments/xmma1o/ventneed_advice_gamers_berkeley_time_management/
3/26/21,17:43:59,College of Chemistry question,https://reddit.com/r/berkeley/comments/mdu3vs/college_of_chemistry_question/
7/14/22,1:25:59,"Confusing R&C B situation, info asap would be appreciated",https://reddit.com/r/berkeley/comments/vyjkh7/confusing_rc_b_situation_info_asap_would_be/
9/14/22,2:07:08,Another earthquake?,https://reddit.com/r/berkeley/comments/xdpik7/another_earthquake/
3/31/22,6:16:30,Creepy old Italian man wearing a hat üé©,https://reddit.com/r/berkeley/comments/tstezh/creepy_old_italian_man_wearing_a_hat/
3/30/22,20:00:33,EE16B P/NP OPTION!!! Potentially dropped as a requirement in the future.,https://reddit.com/r/berkeley/comments/tshev0/ee16b_pnp_option_potentially_dropped_as_a/
1/6/22,6:22:27,Enrolled course section change problem. Plz help!!!,https://reddit.com/r/berkeley/comments/rx7mu1/enrolled_course_section_change_problem_plz_help/
10/20/22,17:32:44,Trigger Warning: Residence Hall Internet,https://reddit.com/r/berkeley/comments/y94i3p/trigger_warning_residence_hall_internet/
5/9/22,21:00:52,Commencement,https://reddit.com/r/berkeley/comments/um17k2/commencement/
11/15/21,7:45:30,Haas Pavilion student entrance?,https://reddit.com/r/berkeley/comments/qub60o/haas_pavilion_student_entrance/
1/26/21,23:00:42,Math 113 with Goldberg/Ryba?,https://reddit.com/r/berkeley/comments/l5q4le/math_113_with_goldbergryba/
4/5/21,8:47:55,How do people live through it,https://reddit.com/r/berkeley/comments/mkg46g/how_do_people_live_through_it/
9/26/21,16:07:12,Enrollment & withdrawal,https://reddit.com/r/berkeley/comments/pvwrsj/enrollment_withdrawal/
10/29/21,18:21:31,Is this a reasonable spring schedule for a pre-med?,https://reddit.com/r/berkeley/comments/qij15b/is_this_a_reasonable_spring_schedule_for_a_premed/
6/7/22,17:13:47,PSA/Rant: Global Internships (London) is a Scam,https://reddit.com/r/berkeley/comments/v71rrc/psarant_global_internships_london_is_a_scam/
4/30/21,8:28:37,Fucked up in a class I have an A in,https://reddit.com/r/berkeley/comments/n1pi24/fucked_up_in_a_class_i_have_an_a_in/
1/12/21,22:14:09,Advice for GSIs teaching online,https://reddit.com/r/berkeley/comments/kw24n3/advice_for_gsis_teaching_online/
2/27/21,17:22:06,Profile Evaluation for MS in Civil Engineering at Berkeley,https://reddit.com/r/berkeley/comments/ltsrdj/profile_evaluation_for_ms_in_civil_engineering_at/
12/7/22,3:19:38,Is it worth it to actually write about my hardships on my application for UCB grad school ?,https://reddit.com/r/berkeley/comments/zeqmph/is_it_worth_it_to_actually_write_about_my/
10/5/22,4:30:40,Vent about roommates,https://reddit.com/r/berkeley/comments/xw0mk9/vent_about_roommates/
2/24/21,6:52:03,CS Professor speaks out against new declaration policy,https://reddit.com/r/berkeley/comments/lr6459/cs_professor_speaks_out_against_new_declaration/